Ingredient,Cost,Unit
salt,464,g
pepper,631,g
butter,108,ml
garlic,623,g
sugar,947,L
flour,731,each
onion,351,g
olive oil,986,L
water,444,ml
ground,230,L
olive,712,g
powder,897,L
sliced,950,g
eggs,611,L
black pepper,103,L
milk,246,L
cheese,626,g
cream,10,ml
lemon,56,g
chicken,78,g
sauce,762,g
tomatoes,923,g
brown,864,L
white,202,g
egg,662,L
onions,391,ml
vinegar,586,L
vegetable,677,g
brown sugar,793,each
lemon juice,411,ml
ground black pepper,9,ml
parsley,714,L
cinnamon,215,ml
garlic cloves,763,g
extract,845,L
vegetable oil,479,ml
vanilla,781,g
baking powder,90,ml
vanilla extract,535,ml
unsalted butter,611,L
ginger,101,ml
chocolate,535,g
leaves,262,each
soda,615,ml
parmesan,354,ml
tomato,99,g
celery,630,L
potatoes,609,ml
kosher salt,695,each
mustard,689,L
cheddar,399,ml
juice,435,g
baking soda,277,g
kosher,995,each
sour cream,752,each
cilantro,720,L
soy sauce,335,g
cream cheese,557,L
parmesan cheese,370,ml
cheddar cheese,405,g
oregano,996,each
red pepper,385,L
carrots,218,L
clove,879,each
chicken broth,150,L
mushrooms,365,g
honey,480,ml
packed,815,g
orange,14,each
bread,287,L
thyme,139,each
oil,703,g
basil,321,each
seasoning,547,L
extra,408,L
margarine,315,L
mayonnaise,546,each
bell pepper,591,L
cayenne,596,each
garlic powder,67,each
nutmeg,517,g
plus,787,g
cloves,741,g
garlic minced,229,ml
white wine,609,ml
bacon,404,each
peppers,480,each
ground cinnamon,842,ml
heavy cream,428,g
boneless,426,g
garnish,509,g
paprika,165,L
black,557,ml
beans,335,each
toasted,152,L
virgin olive oil,478,L
extra virgin olive oil,436,g
yellow,963,ml
green onions,962,L
chicken breasts,250,g
green,974,ml
sesame,673,g
wine,494,ml
lime juice,399,ml
corn,340,L
granulated sugar,380,g
ground pepper,747,each
coconut,678,g
spinach,893,ml
ground beef,52,g
cayenne pepper,221,ml
cornstarch,12,L
white sugar,308,g
wine vinegar,876,each
syrup,966,g
red onion,750,L
chili powder,278,L
rice,527,ml
worcestershire sauce,259,ml
ground cumin,796,each
mozzarella,81,L
orange juice,782,each
grated parmesan cheese,341,each
red wine,251,ml
walnuts,535,ml
chocolate chips,762,ml
unsweetened,199,g
pasta,753,g
pepper flakes,773,g
minced garlic,485,each
temperature,1000,g
almonds,900,g
sea salt,879,L
yogurt,311,each
canola,537,L
carrot,256,L
chicken stock,662,ml
boneless skinless chicken,601,L
jalapeno,402,g
pecans,170,ml
shrimp,472,ml
red pepper flakes,807,ml
wheat,509,each
dijon mustard,465,each
pineapple,549,each
lettuce,103,g
coriander,437,each
canola oil,556,g
dressing,207,ml
chicken breast,458,each
rosemary,516,L
mozzarella cheese,983,g
raisins,720,ml
powdered sugar,548,ml
instant,420,L
buttermilk,74,L
sausage,327,each
red bell pepper,931,ml
dried oregano,338,each
mushroom,248,ml
sesame oil,367,L
roasted,590,g
scallions,370,L
cumin,281,each
semisweet chocolate,5,each
zucchini,761,g
whipping cream,25,g
apple,908,g
confectioners sugar,767,each
dry,920,each
crumbs,981,each
stock,230,L
peanut butter,919,each
freshly ground pepper,351,g
egg yolks,919,g
pork,648,L
red,702,L
cabbage,597,each
noodles,233,g
egg whites,321,L
chili,730,ml
tomato sauce,121,each
tortillas,761,ml
beef,452,each
tomato paste,485,ml
chives,299,L
yeast,509,ml
shortening,600,each
peas,119,each
fillets,745,L
lemon zest,458,g
olives,269,g
broccoli,509,L
cider vinegar,244,g
cooking spray,982,each
seeds,160,each
shallots,70,L
apples,432,each
balsamic vinegar,309,each
breadcrumbs,783,each
more,284,g
turkey,633,ml
dry white wine,12,ml
potato,176,each
green onion,177,L
prepared,87,L
light brown sugar,481,each
strawberries,601,L
bay leaves,431,ml
dried thyme,503,L
ground ginger,22,L
bread crumbs,779,each
bay leaf,880,g
cocoa powder,86,ml
lime,333,g
red wine vinegar,49,g
skinless chicken breasts,396,each
ketchup,53,each
green bell pepper,49,ml
bay,364,each
black beans,673,g
pumpkin,95,ml
ice,531,ml
onion powder,446,each
nuts,969,L
oats,255,each
dill,401,g
allspice,638,L
boneless skinless chicken breasts,208,each
sesame seeds,106,L
green pepper,854,L
sweetened,291,ml
bell peppers,558,each
basil leaves,79,ml
ham,943,L
ground nutmeg,222,g
maple syrup,60,ml
broth,955,each
bananas,996,each
white pepper,79,L
cucumber,754,L
jack cheese,163,L
yellow onion,905,g
chilies,47,g
turmeric,324,each
cake,812,L
cranberries,820,each
liquid,201,each
cold water,607,ml
boiling water,883,ml
monterey jack,702,ml
peanut,975,ml
avocado,811,g
wheat flour,101,each
cornmeal,467,g
hot sauce,561,ml
blueberries,63,ml
dried basil,877,each
a,690,L
shallot,493,ml
mint,596,L
curry powder,176,ml
sherry,429,each
bouillon,47,L
coconut milk,179,L
melted butter,239,g
mushroom soup,329,ml
green beans,821,g
spaghetti,222,g
banana,610,ml
ice cream,167,ml
topping,365,each
corn syrup,984,g
chicken breast halves,192,ml
parsley leaves,885,ml
feta cheese,838,g
peppercorns,536,each
boneless chicken,346,g
halfandhalf,172,g
apple cider,273,g
half,726,ml
semisweet chocolate chips,159,each
pastry,438,L
dry yeast,450,each
ricotta,402,each
salsa,90,each
white vinegar,455,ml
roast,909,g
white rice,331,each
pure vanilla,631,g
cake mix,253,ml
warm water,744,ml
chips,252,each
rice vinegar,728,g
ground cloves,962,L
fennel,319,L
sharp cheddar cheese,938,L
molasses,152,g
pure vanilla extract,180,each
orange zest,957,each
condensed milk,522,L
cocoa,379,each
asparagus,883,g
cherry tomatoes,910,g
black olives,246,g
lemons,515,L
gelatin,202,L
cream of mushroom soup,840,ml
monterey jack cheese,529,g
plain yogurt,836,L
tarragon,286,ml
cooked chicken,789,L
dry mustard,418,g
salmon,623,g
whipped topping,598,each
crackers,52,g
almond extract,510,each
almond,41,ml
ground coriander,838,g
steak,963,each
peanuts,843,ml
cool whip,995,each
kidney,899,ml
ricotta cheese,38,L
yolk,862,g
green chilies,579,L
pudding,298,g
raspberries,501,g
bottle,993,each
lean ground beef,732,ml
garlic salt,179,ml
egg yolk,503,g
beef broth,154,g
swiss cheese,876,ml
dark brown sugar,164,ml
low sodium,290,each
sage,284,g
hot water,829,each
flour tortillas,548,L
flavor,490,L
peanut oil,819,g
other,362,each
rum,467,each
coarse salt,480,L
kidney beans,12,L
plum tomatoes,419,L
capers,126,ml
chiles,715,each
sweet potatoes,523,each
cherries,731,ml
chipotle,210,ml
vegetable broth,410,each
zest,797,g
whipped cream,437,ml
sliced mushrooms,371,L
macaroni,606,each
white wine vinegar,883,ml
crust,514,L
cardamom,267,ml
liqueur,133,ml
fish sauce,345,ml
sweetened condensed milk,513,each
pine nuts,415,each
cilantro leaves,343,g
heavy whipping cream,863,ml
meat,364,g
cake flour,72,ml
mint leaves,179,ml
strawberry,982,L
sodium,502,L
greens,28,L
baby spinach,824,ml
italian seasoning,267,each
unbleached,385,each
grain,507,L
rolled oats,209,ml
jalapeno pepper,336,g
apple cider vinegar,216,g
white chocolate,316,each
thyme leaves,207,each
cauliflower,285,L
cream of chicken soup,401,g
egg white,649,L
chicken thighs,650,ml
active dry yeast,368,each
oranges,109,ml
crosswise,19,each
beer,26,g
evaporated milk,806,L
pepper sauce,398,each
coffee,269,ml
ground turkey,825,g
raspberry,614,L
white onion,794,each
cereal,688,ml
vegetable stock,392,ml
steaks,329,each
cherry,391,L
tofu,680,L
mix,776,L
stick butter,106,each
chickpeas,560,L
fat free,57,g
marshmallows,372,g
hot pepper,573,L
brandy,18,ml
dried cranberries,496,L
brown rice,696,each
salad dressing,33,each
cottage cheese,82,ml
lamb,126,L
sliced almonds,287,g
frozen peas,892,ml
filling,627,ml
taco seasoning,38,each
vegetables,620,L
flavored,429,each
rolls,978,g
romaine lettuce,437,ml
minced onion,769,each
light corn syrup,400,L
red peppers,209,ml
peaches,994,ml
grated orange,148,ml
hamburger,763,g
unsweetened cocoa powder,925,ml
dough,796,each
arugula,411,each
white bread,561,each
sweet onion,23,each
rice wine,804,ml
horseradish,935,g
freshly grated parmesan,361,ml
skim milk,168,L
vodka,336,each
black peppercorns,763,ml
barbecue sauce,503,each
limes,140,each
chili sauce,760,L
vanilla ice cream,449,each
dried parsley,681,each
cookies,966,ml
sunflower,573,g
grated lemon zest,439,each
icing,448,each
chicken bouillon,137,L
corn tortillas,330,g
pineapple juice,853,L
frozen spinach,660,each
coloring,925,ml
red bell peppers,741,each
greek yogurt,786,ml
goat cheese,69,each
grated nutmeg,706,g
salad,862,L
apple juice,493,L
boneless chicken breast,349,g
red chili,532,L
blue cheese,571,each
bread flour,146,ml
artichoke hearts,79,L
dark chocolate,488,L
cranberry,163,ml
breast,308,L
ground pork,968,ml
spinach leaves,839,g
food coloring,977,ml
cream of tartar,954,g
applesauce,504,L
slivered almonds,231,ml
sprouts,902,L
scallion,908,L
ground allspice,417,L
chile,970,L
cracked black pepper,761,g
blanched,241,g
saffron,332,ml
flaked coconut,967,ml
shells,316,g
bittersweet chocolate,822,ml
ice cubes,148,each
celery ribs,907,g
fruit,115,L
butternut,230,L
concentrate,576,each
minced ginger,564,each
pork chops,268,ml
hot pepper sauce,326,each
eggplant,70,L
tenderloin,618,each
beef stock,514,ml
soup mix,791,ml
minced parsley,158,each
pie crust,271,g
medium tomatoes,558,g
cucumbers,794,g
dry sherry,362,each
butternut squash,579,each
corn kernels,805,g
egg noodles,99,ml
plain flour,959,g
lentils,344,each
masala,658,ml
seasoning mix,976,ml
avocados,459,each
preserves,395,L
garam masala,899,L
ground turmeric,700,L
tortilla chips,44,each
cooked rice,279,L
onion soup,357,g
sirloin,276,ml
tuna,872,g
caster,689,ml
mirin,706,L
marjoram,312,each
jalapenos,481,each
mango,4,each
sake,86,ml
vegetable shortening,807,g
curry,22,L
apricot,264,g
caster sugar,599,L
prosciutto,318,L
italian sausage,534,g
leaf parsley,911,each
romano,789,each
dill weed,877,ml
salt and ground black pepper,642,L
chunky,945,L
leeks,923,ml
all-purpose flour,500,each
icing sugar,427,each
flat leaf parsley,600,L
soup,142,each
splenda,558,ml
cracker crumbs,956,L
frozen corn,97,L
any,710,L
vinaigrette,490,each
broccoli florets,332,ml
spice,477,L
sprig,281,ml
pie filling,891,ml
stuffing,359,L
dates,945,ml
baguette,52,each
milk chocolate,835,ml
serrano,115,g
cooking oil,539,g
yukon gold,27,ml
seasoning salt,347,each
jalapeno peppers,177,ml
boneless pork,501,each
kalamata,315,ml
mustard seeds,944,g
chopped,760,ml
spring,950,ml
dry red wine,9,ml
blend,193,each
pesto,72,L
chili pepper,194,ml
pears,370,each
green bell peppers,789,L
lettuce leaves,692,L
paste,310,each
boneless skinless chicken breast halves,919,L
purple,510,L
dried rosemary,485,ml
essence,921,each
puff pastry,723,L
french bread,607,g
raw,446,each
velveeta,244,g
roma tomatoes,412,each
onion soup mix,81,each
caramel,634,each
condensed cream,713,ml
pecan,456,g
vanilla bean,503,each
in water,764,g
yellow bell pepper,304,L
american,312,each
romano cheese,193,ml
light cream,544,g
chestnuts,461,each
philadelphia cream cheese,324,each
lemon peel,455,g
graham cracker crumbs,961,g
firm tofu,984,each
organic,543,ml
anise,500,ml
crabmeat,869,ml
squash,707,L
instant coffee,439,ml
apricots,265,each
low sodium chicken,520,g
pumpkin puree,509,g
caraway,228,ml
salmon fillets,180,ml
gingerroot,627,ml
orange peel,976,L
medium shrimp,883,each
candy,645,g
natural,597,g
medium potatoes,148,g
soft,86,each
oyster,567,L
grapes,347,each
yellow mustard,64,g
leek,493,g
russet potatoes,704,each
maraschino,17,each
pistachios,415,each
creamy peanut butter,311,each
creme fraiche,432,ml
smoked paprika,706,g
lemon rind,326,g
ranch dressing,324,each
ground cardamom,53,each
coconut oil,180,L
quinoa,852,g
boneless chicken breast halves,205,g
dried red,497,g
cinnamon sticks,272,ml
cannellini,455,each
green olives,316,g
quick,245,L
ground red pepper,426,L
red kidney beans,779,g
bourbon,917,g
chili peppers,286,each
espresso,85,ml
sundried tomatoes,13,L
gold potatoes,501,each
low sodium chicken broth,847,L
grape tomatoes,27,each
garbanzo,518,L
jelly,597,L
pecan halves,323,ml
pork loin,1,g
elbow macaroni,804,each
yukon gold potatoes,845,ml
hamburger buns,706,g
medium zucchini,853,g
watercress,628,g
pumpkin pie spice,643,ml
yellow onions,577,ml
sugar substitute,510,ml
oatmeal,143,each
oregano leaves,543,ml
herbs,918,ml
button mushrooms,449,each
canned tomatoes,40,ml
cashews,283,L
stewed tomatoes,110,g
yellow squash,728,L
ice water,726,each
sherry wine,382,g
baby carrots,549,ml
bean sprouts,652,L
pinto beans,921,each
reduced fat,203,each
sriracha,28,L
fish,637,each
hazelnuts,442,g
scallops,501,each
asian,458,ml
ginger root,439,each
basmati,994,ml
pasta sauce,522,each
green peppers,706,each
garbanzo beans,999,each
barley,761,ml
eggplants,41,each
ground white pepper,605,each
unsweetened chocolate,548,g
sunflower seeds,273,each
baking potatoes,282,g
pork sausage,535,g
beef bouillon,524,g
rice wine vinegar,26,each
peach,482,each
prepared mustard,701,g
kale,610,L
unsweetened coconut,464,each
blackberries,806,L
shiitake mushrooms,107,L
jello,102,each
egg substitute,10,each
golden raisins,164,ml
penne pasta,619,L
hoisin sauce,7,each
white flour,885,g
dark rum,686,L
american cheese,460,g
walnut,359,g
couscous,784,g
water chestnuts,751,ml
unflavored gelatin,47,L
lime zest,400,ml
yellow cake mix,254,L
coriander seeds,512,ml
tomato juice,348,L
radishes,882,L
low fat,279,ml
berries,40,ml
granny smith apples,255,g
vanilla pudding,243,g
beets,114,g
pork tenderloin,554,ml
salted butter,225,each
butterscotch,608,each
celery seed,550,L
vidalia,594,each
flaked,813,L
rib,260,ml
sweet potato,499,g
oyster sauce,971,ml
champagne,942,ml
starch,530,g
frosting,30,each
parsley flakes,252,g
rice flour,750,ml
basmati rice,341,each
turkey breast,805,g
dried dill,556,g
firmly packed brown sugar,973,g
pepperoni,967,g
poppy seeds,338,ml
salted,637,ml
distilled,640,ml
cannellini beans,625,g
new potatoes,468,L
stuffing mix,141,each
taco seasoning mix,600,each
graham crackers,376,each
tahini,415,g
pineapple chunks,81,g
salad greens,583,L
mixed vegetables,865,ml
large eggs,80,ml
linguine,767,L
provolone cheese,980,g
poblano,578,each
marinara sauce,614,each
pure maple syrup,332,L
whiskey,54,L
fennel seeds,185,each
sauerkraut,798,each
seasoned salt,619,L
tequila,67,each
gruyere cheese,87,ml
sourdough,726,each
skinless chicken thighs,42,g
low sodium soy sauce,193,L
green cabbage,829,each
curry paste,550,g
extra-virgin olive oil,722,L
lasagna noodles,911,ml
juice concentrate,373,ml
sausages,146,g
cooked ham,243,L
kalamata olives,358,L
chocolate syrup,728,g
cookie,665,ml
wheat bread,824,L
marmalade,505,ml
spring onions,314,each
purple onion,373,each
pie shell,307,ml
pork shoulder,962,g
light soy sauce,312,ml
rounds,256,L
dry bread crumbs,567,L
shiitake,977,ml
celery salt,354,each
chicken wings,797,g
agave nectar,810,L
adobo,610,g
prepared horseradish,883,L
cumin seed,986,g
ears,87,L
bisquick,354,ml
lime wedges,856,each
cajun seasoning,294,L
iceberg lettuce,462,ml
raisin,917,each
roasted red peppers,919,L
clams,441,ml
peppermint,287,ml
currants,411,g
tomato puree,294,L
green peas,988,each
italian bread,472,g
mussels,534,L
red chile,609,ml
corn oil,185,g
orange rind,268,each
tomato soup,600,each
watermelon,794,g
fine sea salt,560,L
white beans,612,ml
star anise,576,g
poultry seasoning,387,each
maraschino cherries,13,g
lemon pepper,329,L
tapioca,527,L
cold milk,205,each
baby spinach leaves,304,each
pancetta,355,L
yellow cornmeal,748,each
rhubarb,1,L
lemongrass,984,ml
marshmallow,171,L
refried beans,485,ml
toasted sesame oil,682,g
crab meat,113,each
chuck,478,g
flavoring,713,g
pomegranate,765,ml
corn starch,607,L
orange marmalade,703,g
pear,305,each
penne,876,g
mascarpone,611,each
skin,114,each
red cabbage,254,each
sprinkles,489,each
stew meat,267,ml
pickles,680,g
toasted sesame seeds,671,g
frozen broccoli,836,each
sliced green onions,127,each
mashed potatoes,888,L
cranberry juice,196,L
anchovy fillets,559,g
sage leaves,930,L
hot chili,518,each
white chocolate chips,213,each
parsnips,756,ml
enchilada sauce,414,g
chile powder,355,g
fresh ginger,918,each
liquid smoke,896,L
arborio rice,420,L
sweet paprika,389,L
fennel bulb,952,g
dried apricots,268,L
unsweetened applesauce,15,g
chunky salsa,171,each
pizza sauce,52,g
onion flakes,685,L
distilled white vinegar,40,ml
rosemary leaves,822,g
smoked ham,794,ml
zesty italian dressing,554,ml
bok choy,994,each
wild rice,25,ml
boneless skinless chicken thighs,436,each
snow peas,342,ml
saffron threads,966,each
cranberry sauce,319,each
green chiles,312,each
cheese blend,98,each
roasted peanuts,825,ml
caraway seeds,683,ml
sherry vinegar,874,each
jalapeno chilies,973,g
vermouth,297,L
soymilk,370,each
cherry pie filling,864,each
habanero,846,ml
port,811,ml
chopped cilantro,245,g
buns,121,L
agave,263,L
cooked turkey,635,each
vanilla yogurt,210,g
superfine sugar,225,ml
head cauliflower,129,L
pumpkin seeds,608,each
duck,416,each
ancho,570,ml
grape,355,g
grated lemon peel,208,ml
lowfat yogurt,653,g
mandarin oranges,645,ml
grapeseed oil,974,ml
vanilla essence,263,each
wheat germ,83,g
diced tomatoes,189,ml
brown mustard,85,each
cooked bacon,664,L
biscuits,193,g
panko breadcrumbs,102,L
mustard powder,328,ml
apricot preserves,245,each
long grain rice,255,each
tomatillos,482,L
green chile,569,L
salad oil,784,L
corn flour,791,L
crisco,43,ml
frozen whipped topping,495,g
spices,317,L
lard,593,each
cooked white rice,621,L
smooth,802,g
sundried tomato,841,each
with skin,540,ml
softened butter,262,g
asiago,741,L
simple syrup,117,each
italian salad dressing,987,L
club soda,49,each
gin,715,L
root,80,g
coating,45,ml
baking mix,786,ml
roasted garlic,302,ml
granulated garlic,138,ml
amaretto,293,ml
oreo,737,ml
nonfat yogurt,918,ml
vinaigrette dressing,990,g
pastry flour,944,each
fine salt,562,each
gluten,107,each
sliced black olives,553,L
condensed cream of mushroom soup,740,each
thyme sprigs,577,L
fat,715,L
cream of celery soup,729,L
popcorn,837,L
rotini,350,ml
grapefruit,653,each
ground chuck,741,ml
ground chicken,401,ml
lobster,512,each
nonfat milk,342,ml
crumbles,465,L
florets,440,each
dinner rolls,34,L
cremini,219,each
flank steak,74,L
catsup,447,L
flax seed,437,ml
adobo sauce,129,L
dried onion,249,ml
table salt,201,ml
unsweetened coconut milk,265,L
okra,257,each
fish fillets,438,ml
almond milk,57,ml
season,546,g
chipotle chile,317,ml
red food coloring,775,ml
plums,562,each
corn flakes,875,each
grated orange peel,143,g
halibut,641,g
fresh parsley,977,ml
salami,387,each
soy milk,251,each
gorgonzola,622,each
blanched almonds,372,L
blue,361,L
pistachio,170,ml
croutons,65,g
fennel seed,425,each
pickle relish,362,each
wholewheat,163,ml
herb,339,each
brisket,77,L
chile peppers,176,g
mini marshmallows,628,g
crumbled blue cheese,350,each
milk powder,292,g
glaze,53,each
pancake,868,L
brussels sprouts,760,L
sunflower oil,295,L
plum,6,L
leaf lettuce,335,ml
cardamom pods,156,ml
dried cherries,871,g
savory,989,L
grand marnier,734,L
fontina,205,L
smoked salmon,444,ml
asparagus spears,987,ml
kraft grated parmesan cheese,101,ml
prunes,633,L
bacon bits,727,g
cheese spread,538,g
chuck roast,632,each
accompaniment,222,L
fresh lemon,90,each
dry milk,565,L
brownie,952,L
relish,159,g
ginger ale,891,ml
light sour cream,216,ml
orange juice concentrate,569,L
red chili powder,63,ml
berry,198,each
chorizo sausage,58,L
milk chocolate chips,132,L
great northern beans,136,ml
fresh lemon juice,989,g
raspberry jam,190,L
dark sesame oil,386,g
teriyaki sauce,673,g
old bay seasoning,6,L
lemonade,845,L
franks,438,ml
bran,462,each
rice noodles,944,g
turnips,680,each
cremini mushrooms,623,L
creole seasoning,520,L
chili paste,277,each
chopped onion,916,each
rice cereal,499,L
frozen mixed vegetables,830,L
white mushrooms,617,g
fl,105,g
quick oats,137,ml
triple sec,734,g
dashi,532,each
polenta,812,ml
ghee,928,g
chorizo,204,ml
coleslaw,920,g
tomatoes with juice,846,g
bouillon granules,622,each
artichokes,5,each
seasoned bread crumbs,906,L
corned beef,148,each
balsamic vinaigrette,798,each
ripe olives,899,each
marinade,202,L
pesto sauce,762,g
chard,573,g
baby arugula,350,g
asiago cheese,41,each
phyllo,893,each
veal,823,L
napa cabbage,498,g
leg of lamb,288,L
vegetable oil cooking spray,296,L
crystallized ginger,674,ml
ground lamb,828,L
ground cayenne pepper,456,each
yellow pepper,716,each
color,687,each
butterscotch chips,654,g
lemon extract,979,L
chile pepper,231,g
bitters,346,g
english cucumber,179,g
tarragon leaves,205,L
cognac,998,ml
cantaloupe,543,g
swiss chard,156,each
boneless pork loin,37,g
caraway seed,927,L
almond flour,351,each
chilli,337,each
pizza crust,279,each
katakuriko,695,g
cauliflower florets,654,g
gravy,568,each
radish,344,ml
oysters,15,g
chili flakes,326,L
guacamole,234,each
sweet pickle,572,g
radicchio,615,L
figs,137,ml
cashew,513,g
kielbasa,331,ml
crab,7,ml
dried sage,555,ml
dried dill weed,262,each
light cream cheese,87,ml
mascarpone cheese,455,each
pita bread,485,each
instant espresso,30,ml
mace,863,g
beef tenderloin,374,ml
condensed cream of chicken soup,481,g
sirloin steak,407,each
fresh basil,125,L
red chili pepper,587,ml
muffin,944,ml
angel hair,608,L
vegetarian,644,L
peeled tomatoes,234,each
peppermint extract,546,L
protein,236,each
onion salt,553,each
wonton wrappers,583,g
mild cheddar cheese,265,ml
drippings,342,ml
brie cheese,1,L
sourdough bread,945,g
marsala wine,428,L
steak seasoning,204,each
flour for dusting,964,each
crescent rolls,532,ml
chicken drumsticks,983,each
orzo pasta,728,each
knudsen sour cream,187,each
poppy seed,793,L
miso,710,g
coarse sea salt,525,L
chicken legs,743,each
mangoes,375,L
smoked turkey,362,L
crushed red pepper,94,g
white onions,394,ml
dark soy sauce,213,L
dark soy,575,each
strawberry jam,650,each
unbleached flour,777,L
red chili peppers,559,ml
cooked chicken breasts,979,g
cracked pepper,737,g
baking chocolate,255,g
rotini pasta,391,L
fontina cheese,129,ml
cooked shrimp,477,g
hominy,867,each
pimento,460,ml
sweetener,54,g
curry leaves,887,each
pitted kalamata olives,899,L
frozen strawberries,755,L
bulgur,626,g
fudge,240,ml
blueberry,478,L
sea scallops,336,ml
xanthan,166,L
xanthan gum,405,ml
tamarind,864,ml
serrano chile,952,each
neufchatel cheese,68,ml
dried fruit,93,g
white cake mix,210,ml
goat,322,L
prawns,434,L
lemon wedge,927,g
pearl onions,313,each
daikon,294,each
white cheddar cheese,509,ml
granola,486,L
fresh,683,L
bacon slices,584,g
toasted pine nuts,810,g
instant yeast,47,each
corn chips,236,each
vermicelli,29,ml
tomato ketchup,829,L
hot red pepper flakes,794,L
light coconut milk,578,ml
yoghurt,846,ml
sweet corn,140,L
clarified butter,605,ml
rotisserie chicken,798,g
potato chips,788,each
light mayonnaise,257,g
anchovy,425,each
schnapps,8,ml
rigatoni,463,each
semolina,22,L
flax seeds,365,g
bouquet,791,each
herbes de provence,275,each
macadamia nuts,690,g
ciabatta,100,g
cumin powder,649,each
mushroom caps,552,L
parmigiano,626,L
dried onion flakes,998,each
garlic paste,404,g
coffee granules,853,ml
lima beans,470,ml
beef brisket,526,each
spanish onion,93,each
smoked sausage,417,ml
beef stew,583,L
oscar mayer bacon,566,each
hash brown,813,ml
seafood,105,each
clam juice,987,g
tortellini,761,L
red curry paste,48,ml
english muffins,863,each
salted peanuts,755,L
sausage links,681,g
self raising flour,31,g
chutney,481,g
apricot jam,569,each
crescent dinner rolls,904,each
basil leaf,741,g
jasmine,113,L
caramels,298,L
coconut flakes,936,L
turbinado,462,each
ritz crackers,619,each
mint sprigs,105,each
mexican cheese,498,L
tart apples,406,g
kraft zesty italian dressing,933,ml
hot dogs,847,ml
puree,152,ml
rotel tomatoes,731,g
spicy brown mustard,213,L
dill pickle,459,each
venison,901,L
angel food cake,88,g
pepper jack,374,ml
chiffonade,193,ml
steak sauce,37,L
cinnamon ground,368,L
whole,43,ml
dried red pepper,487,ml
flax,611,ml
beef stew meat,167,ml
picante sauce,243,each
chocolate candy,554,each
pearl barley,983,L
ground flax,616,g
dark chocolate chips,80,g
silken tofu,793,L
fenugreek,471,ml
double cream,557,each
sweet pickle relish,700,g
coriander powder,947,g
golden brown sugar,774,g
vidalia onion,23,L
papaya,291,g
capsicum,574,ml
bakers,41,g
lean ground turkey,230,each
wasabi,93,ml
cilantro sprigs,43,ml
frozen corn kernels,918,L
peppercorn,195,ml
boiled eggs,8,g
vanilla instant pudding,509,ml
roast beef,496,g
anchovies,265,L
crusty bread,413,g
pink,95,L
trout,341,L
port wine,118,each
espresso powder,691,ml
cooked brown rice,590,each
tea bags,393,g
champagne vinegar,919,each
sliced carrots,813,ml
cointreau,199,ml
pork roast,508,ml
turkey sausage,513,L
deli ham,575,ml
powdered milk,677,L
chili pepper flakes,74,each
turmeric powder,497,L
potato starch,888,ml
frozen raspberries,805,ml
grenadine,260,each
meatballs,471,L
pimiento,920,ml
vanilla wafers,488,L
seaweed,894,ml
splenda granular,892,g
chili beans,165,each
grated romano cheese,181,L
toast,194,ml
smoked bacon,334,g
sweet chili sauce,785,L
grated pecorino,829,each
carbonated,695,g
salt pork,601,g
protein powder,269,L
tilapia fillets,347,g
pimentos,921,ml
jicama,846,g
chopped cilantro fresh,299,g
mini chocolate chips,649,ml
orange liqueur,889,each
endive,480,each
panko bread crumbs,318,L
edamame,805,each
pepper cheese,445,L
pancake mix,609,g
fish stock,570,L
pecorino romano cheese,51,ml
sherry wine vinegar,535,ml
red snapper,350,ml
rye flour,930,ml
vegan,425,ml
jasmine rice,348,each
cashew nuts,279,g
kahlua,562,ml
white corn,436,L
golden delicious,616,each
scotch,987,each
self rising flour,653,ml
frozen cranberries,531,g
instant pudding mix,824,g
honey mustard,706,L
soy,921,g
artificial,3,L
dry milk powder,365,g
parsley sprigs,217,L
fresh lime,637,ml
poblano chiles,797,ml
walnut halves,922,ml
sweetened coconut,278,ml
tea,872,each
chervil,727,ml
cheese slices,735,L
whole milk,691,ml
honeydew,337,each
brewed coffee,588,g
acorn squash,146,each
gluten free,705,g
pork butt,466,ml
swiss,486,ml
chestnut,82,each
grits,672,g
nonfat dry milk,271,g
sea bass,630,each
jam,275,g
fresh lime juice,476,L
liver,28,L
ramen noodles,884,L
taco sauce,133,each
raw sugar,560,each
jumbo shrimp,712,L
porcini mushrooms,829,each
dill pickles,961,L
sliced onion,913,L
dried apricot,272,L
fruits,1000,each
pomegranate juice,777,L
ground almonds,292,ml
pasta shells,113,g
pretzels,363,g
cream cheese spread,239,L
alfredo sauce,739,L
gouda cheese,999,each
italian parsley leaves,90,g
cumin ground,762,L
cheese soup,767,g
lime leaves,757,g
partially,574,g
allspice berries,512,g
green chile peppers,995,g
extra firm tofu,801,ml
lemon grass,977,L
wild,976,each
orange bell pepper,439,each
vanilla beans,509,L
chocolate cake mix,623,g
blackberry,303,L
squid,391,each
pork ribs,517,each
ground mustard,627,g
yellow corn,161,g
spelt,735,ml
marshmallow creme,593,L
hazelnut,536,ml
panko,938,L
currant,580,L
toasted pecans,992,each
bonito,178,g
clean,937,g
five spice,757,ml
kaffir lime,522,g
mixed nuts,803,each
brioche,391,each
herb seasoning,420,g
red beans,372,g
wide egg noodles,8,ml
dry roasted peanuts,65,g
no,720,L
navy beans,809,g
caramel sauce,153,g
muffins,550,L
safflower,984,ml
black pepper ground,914,L
frozen orange juice concentrate,939,each
portabella mushrooms,653,g
ground sirloin,812,g
lemonade concentrate,229,L
pomegranate seeds,414,each
turbinado sugar,409,ml
chocolate morsels,786,ml
white sesame seeds,90,each
creamer,34,each
chicken bouillon granules,835,g
frozen blueberries,575,g
collard greens,704,each
tart,608,g
nonfat dry milk powder,476,ml
reduced fat mayonnaise,68,L
almond paste,177,ml
beef sirloin,927,each
mixed greens,401,g
light rum,26,L
dark corn syrup,217,g
meal,276,L
red lentils,679,L
toasted walnuts,179,g
ingredients,643,g
white rum,228,each
instant rice,215,L
chunky peanut butter,839,ml
baked beans,566,g
salad dressing mix,934,g
dried parsley flakes,763,each
jack,518,L
nutritional yeast,446,each
golden syrup,838,ml
beef roast,724,L
split peas,415,each
fat free cream cheese,881,ml
vegetable oil spray,195,ml
celery leaves,852,g
bouquet garni,676,L
reduced sodium soy sauce,931,L
firmly packed light brown sugar,383,ml
sorbet,630,g
queso fresco,7,each
stout,966,L
oat bran,377,ml
phyllo dough,652,ml
artificial sweetener,249,each
lavender,424,L
green tea,926,each
summer squash,988,each
rosemary sprigs,869,each
hummus,859,L
sweet italian sausage,792,each
salsa verde,192,L
rye bread,977,g
pie dough,128,ml
andouille sausage,326,ml
bamboo shoots,515,each
pistachio nuts,175,g
yellow bell peppers,448,L
sausage casings,630,L
pectin,949,g
ground sage,103,ml
mixed spice,406,g
spelt flour,785,ml
chia seeds,878,ml
coconut cream,78,each
instant espresso powder,709,ml
nectarines,898,L
pork belly,905,g
shell pasta,770,ml
lemon slices,720,each
ground thyme,158,each
chili oil,509,each
flounder,483,ml
kaffir lime leaves,981,L
fusilli,134,ml
russet,853,g
stewing beef,108,ml
batter,681,L
coarse kosher salt,239,each
mayonaise,528,g
buckwheat,190,each
lobsters,243,L
kiwi,358,g
casings,52,ml
boiling potatoes,432,L
wholewheat flour,36,g
dark red kidney beans,564,L
shiitake mushroom,452,L
key lime,642,L
bread slices,780,ml
bbq sauce,409,ml
chipotle peppers,665,each
pecorino cheese,235,each
canned chicken,557,g
boston lettuce,331,each
dry vermouth,592,L
ground veal,294,L
yellow food coloring,28,ml
boneless chicken thighs,25,L
pepperoncini,874,each
dried tomatoes,143,L
cane sugar,757,L
long grain white rice,837,g
bisquick baking mix,87,g
green chili peppers,947,g
tangerine,417,g
extra lean ground beef,451,ml
vegetable juice,770,ml
cider,136,each
muffin mix,626,each
orecchiette,271,L
veal stock,615,ml
shanks,911,ml
tumeric,187,L
savoy cabbage,269,g
yellow peppers,269,L
palm sugar,608,L
ginger paste,360,g
popped popcorn,999,L
bonito flakes,895,L
orange extract,981,each
lamb chops,839,L
dark beer,27,g
loaves,220,g
vanilla flavor,445,ml
dried chili,141,ml
mexican oregano,978,L
truffle oil,217,ml
rubbed sage,189,each
sesame seed,712,ml
shredded cheddar cheese,846,L
boneless pork shoulder,161,g
sultanas,221,ml
halibut fillets,257,each
pork and beans,249,L
safflower oil,280,each
brown rice flour,983,each
ground round,783,ml
fronds,397,g
hungarian paprika,692,each
turkey bacon,617,g
grapefruit juice,444,each
fresh cilantro,399,ml
muenster,898,L
pimientos,431,g
baby bok choy,688,ml
baby greens,961,each
beet,40,g
celery seeds,649,g
minute rice,264,ml
cheese sauce,963,each
fettuccine pasta,199,ml
much,455,each
chili seasoning,852,each
red capsicum,945,each
harissa,111,ml
pork loin chops,437,each
chipotle pepper,336,ml
ground meat,744,ml
masa harina,276,g
corn tortilla chips,640,ml
imported,799,each
mixed mushrooms,959,L
gingersnap,616,ml
cod,164,each
celery root,652,L
condensed tomato soup,679,each
back ribs,54,ml
green tomatoes,530,ml
key lime juice,220,g
green apple,216,each
pickled jalapenos,78,L
orzo,965,L
green cardamom,83,L
shaoxing,741,L
bean paste,533,each
pumpernickel,389,ml
pitted black olives,933,g
honeydew melon,156,L
butter flavor,510,ml
smoked gouda,225,g
spareribs,432,L
stevia,386,each
lean beef,853,g
processed cheese,963,L
catfish fillets,303,each
sandwich bread,61,each
toasted almonds,783,ml
gravy mix,875,g
round steaks,836,g
rum extract,791,each
peanut butter chips,554,L
cornbread mix,242,each
serrano pepper,28,ml
french baguette,978,ml
sweet rice,833,each
sweet pepper,602,each
seedless cucumber,62,ml
orange blossom,799,L
top sirloin,271,each
rice milk,225,ml
sweet cherries,322,g
bicarbonate,75,ml
vidalia onions,781,ml
amaretto liqueur,834,L
buttermilk biscuits,794,ml
escarole,603,each
plain breadcrumbs,897,g
grape juice,802,each
tamari soy sauce,191,L
porcini,778,each
poblano peppers,374,each
roasting chickens,128,L
egg beaters,1,each
frisee,632,L
beaten eggs,1000,each
soba noodles,689,g
chicken meat,581,ml
cotija,656,each
raspberry preserves,82,ml
dried porcini mushrooms,596,g
tarragon vinegar,922,each
red leaf lettuce,680,each
sun dried tomatoes,521,ml
flour tortilla,413,ml
nutella,708,ml
coarse black pepper,557,L
dried currants,798,each
italian salad dressing mix,338,L
chinese cabbage,622,ml
cooked black beans,763,each
taco shells,96,L
canadian bacon,930,L
sparkling wine,560,L
fresh mint,73,g
angostura bitters,465,L
bicarbonate of soda,172,L
sweet chocolate,128,g
wafer,181,each
chilis,861,g
large garlic cloves,950,each
chocolate shavings,90,g
butter lettuce,607,g
mashed banana,353,g
italian cheese,923,each
madeira,455,each
pea pods,621,L
nam pla,755,g
base,639,each
seasonings,316,ml
italian plum tomatoes,70,L
pitted prunes,1,each
bread dough,175,ml
seedless watermelon,549,each
frozen lemonade concentrate,477,each
chipotle powder,312,ml
crispy rice cereal,997,ml
ziti,284,ml
pepitas,942,ml
navel oranges,672,ml
mung bean,813,each
agave syrup,85,ml
caramel ice cream,103,L
shiso leaves,422,ml
roquefort,106,each
beef round,688,g
thousand island dressing,254,each
wild mushrooms,945,L
bibb lettuce,800,g
thai basil,353,g
italian seasoned breadcrumbs,399,ml
wafer cookies,663,L
deveined shrimp,342,g
corn muffin,710,each
walnut oil,777,g
bacon drippings,229,each
yellow mustard seeds,85,L
cooking apples,442,ml
soybeans,846,g
sliced ham,960,L
asian fish sauce,169,ml
kaiser rolls,829,L
cakes,741,each
almond meal,703,g
black sesame seeds,87,L
eggnog,245,each
marshmallow cream,567,L
mixed fruit,384,L
seltzer,972,each
wholegrain mustard,494,g
candy sprinkles,416,ml
desiccated coconut,538,ml
cooked pasta,467,g
tamarind paste,397,L
buffalo,94,ml
pickle juice,550,ml
bass fillets,838,g
cheddar cheese soup,988,ml
links,982,g
cherry juice,732,g
plantains,184,g
kraft original barbecue sauce,163,ml
sprite,782,L
oat flour,127,ml
anchovy paste,439,ml
dark molasses,184,ml
sour milk,840,ml
chow mein noodles,659,ml
chile paste,931,each
bass,526,ml
blood orange,984,ml
feta cheese crumbles,545,g
cilantro stems,339,ml
bone in,425,each
dried herbs,385,L
serrano peppers,683,each
biscuit mix,383,g
tuna steaks,904,L
corn meal,867,L
loin,998,each
english mustard,310,L
vanilla sugar,856,each
green apples,587,g
chanterelle,143,L
hand,689,each
flower,496,L
ground turkey breast,631,each
canned chicken broth,902,L
cinnamon sugar,769,g
hot chili sauce,119,g
mango chutney,830,g
mesclun,171,ml
flax seed meal,690,g
currant jelly,455,ml
spaghetti squash,995,L
butter beans,331,each
unbleached white flour,74,each
grey poupon dijon mustard,457,L
unsweetened pineapple juice,616,ml
flavour,694,ml
grated carrot,459,each
chickpea,850,each
cheese tortellini,425,each
custard,424,ml
idaho potatoes,646,g
japanese eggplants,633,each
gnocchi,691,L
lemon curd,650,ml
cream of coconut,30,L
pound cake,367,L
white button mushrooms,552,g
vegetable bouillon,447,L
semolina flour,873,each
ground flax seeds,226,each
lime peel,697,g
haddock,970,ml
blood,282,ml
nori seaweed,212,L
onion slices,930,ml
umeboshi,891,ml
crumbled goat cheese,946,each
sweet basil,412,each
instant white rice,714,g
fenugreek seeds,661,L
oleo,495,each
colby cheese,765,g
caviar,202,each
french onion soup,993,L
muenster cheese,544,L
pico de gallo,586,g
pulp,988,ml
mangos,107,ml
green cardamom pods,364,L
shaoxing wine,410,each
chocolate chunks,213,ml
chopped tomatoes,265,L
tapioca flour,255,each
filet,527,L
almond butter,720,g
coconut extract,193,L
sandwich cookies,412,L
crushed red pepper flakes,584,each
mustard greens,381,each
seasoning blend,167,L
real bacon,189,ml
caramel ice cream topping,527,L
tater tots,419,each
whipped cream cheese,706,g
creme de cacao,276,g
haricots verts,458,g
cream cheese frosting,676,each
chili seasoning mix,589,ml
chocolate ice cream,620,ml
mentsuyu,866,g
blue cheese dressing,937,L
galangal,596,L
wheat bran,471,L
catalina dressing,962,L
hoagie rolls,384,L
sponge,998,ml
indian,682,L
lump crab meat,420,each
burgundy,741,ml
pasteurized,523,L
tenderloin steaks,705,each
toffee bits,312,L
yellow split peas,772,each
hot peppers,779,L
shredded mozzarella cheese,802,ml
frozen green beans,826,L
oyster mushrooms,559,L
anise seed,636,g
chardonnay,66,each
cooking wine,18,g
beef bouillon granules,705,g
thai fish sauce,743,L
snapper fillets,942,ml
iceberg,232,L
red potato,726,each
crushed tomatoes,837,g
quail,749,g
candy canes,540,L
romaine lettuce leaves,121,each
wheat gluten,918,L
large egg yolks,539,each
dried minced onion,247,g
italian cheese blend,849,ml
passion fruit,371,g
crema,767,ml
golden delicious apples,60,g
flowers,829,g
bacon fat,241,g
olive oil spray,130,L
rose water,775,each
fava beans,614,ml
matcha,804,each
homemade chicken stock,75,L
coffee creamer,436,each
mexican cheese blend,699,each
country bread,620,g
soya,444,each
roquefort cheese,538,g
lamb shoulder,233,ml
seed oil,54,each
uncle bens,648,ml
french fried onions,63,ml
apple butter,436,g
low salt chicken broth,78,g
lemon cake mix,757,ml
sauce mix,597,L
sardines,760,g
swordfish,824,g
spiced rum,768,ml
parmigiano reggiano cheese,24,each
matzo meal,297,g
udon,856,each
chicken base,870,each
apple pie spice,241,g
corn husks,28,ml
coffee liqueur,137,ml
grated horseradish,862,ml
ruby port,742,g
spanish paprika,73,each
canned black beans,495,ml
rutabaga,573,L
white corn syrup,793,g
winter squash,456,g
mustard seed,932,L
cod fillets,844,each
sweet butter,429,L
lamb shanks,235,each
ground walnuts,826,ml
baby back ribs,272,each
plastic,491,ml
bread machine yeast,983,each
black mustard seeds,989,ml
pickling salt,903,L
masa,62,each
cointreau liqueur,6,each
silver,755,g
citrus,620,ml
havarti,365,g
dried lentils,26,ml
unsweetened baking chocolate,938,ml
beef consomme,280,g
coconut flour,556,g
crumbled gorgonzola,621,L
sultana,715,L
bosc pears,647,ml
lime slices,531,g
chickpea flour,855,g
fresh thyme,916,g
rump roast,180,ml
sweet red peppers,586,L
rice blend,49,ml
miniature semisweet chocolate chips,436,L
graham cracker pie crust,213,each
lobster meat,773,L
chicken flavor,484,L
corn bread,408,each
seafood seasoning,930,g
cooking sherry,112,ml
chicken parts,459,each
demerara sugar,185,ml
sherbet,251,L
salmon steaks,617,L
apple jelly,457,ml
crawfish,102,g
littleneck clams,863,g
ground flax seed,918,L
tapioca starch,788,g
soda water,257,g
maple extract,930,g
juniper berries,793,g
nonfat greek yogurt,543,g
ponzu,940,g
twists,834,ml
canned corn,648,each
mackerel,246,g
candied ginger,515,each
melon,654,each
neutral oil,521,each
irish whiskey,474,ml
white miso,345,each
dried chives,844,g
fleur de sel,17,g
pastry dough,405,L
sesame paste,237,L
poultry,807,g
chinese egg noodles,716,ml
bechamel,868,each
pitted green olives,166,ml
chambord,242,each
frozen hash browns,62,g
whole wheat,449,ml
refrigerated biscuits,71,each
coffee powder,583,L
mild italian sausage,411,ml
mung bean sprouts,869,g
cornflour,559,L
toasted coconut,110,ml
chinese rice wine,177,g
fruit cocktail,275,ml
creole mustard,618,each
condensed cream of celery soup,892,L
instant chicken bouillon,780,L
leg quarters,395,each
onion tops,776,L
belgian endive,480,g
lager,672,each
boneless beef chuck roast,66,L
dream whip,922,each
tilapia,316,ml
shelled pistachios,794,L
shaved parmesan cheese,707,each
licorice,475,L
kirsch,425,each
nonhydrogenated margarine,977,g
fingerling potatoes,249,L
fingerling,458,g
thai red curry paste,119,g
chicken cutlets,298,each
riesling,952,each
less sodium chicken broth,398,ml
fat free less sodium chicken broth,581,ml
caramel topping,711,g
apricot nectar,721,g
lime rind,709,ml
light butter,115,each
ravioli,370,each
sandwich buns,627,L
bay scallops,949,each
sucanat,701,L
green chilis,807,each
black tea,571,ml
crisp rice,874,L
grape jelly,784,ml
pure olive oil,955,g
red chilli,106,each
palm,985,g
grilled chicken,557,each
white kidney,3,g
chocolate frosting,768,ml
chocolate candy bars,582,g
peach schnapps,254,L
shortbread,413,g
sweet peppers,556,each
orange segments,78,L
chicken livers,726,each
ale,873,L
garlic sauce,501,each
canned beef broth,879,g
vital wheat gluten,994,ml
earth balance,250,ml
sourdough starter,996,L
peach slices,736,g
roasted tomatoes,867,ml
double crust,793,ml
lemon pudding,563,g
sliced apples,842,g
adobo seasoning,247,each
calvados,539,L
liquid honey,823,L
bulb fennel,939,ml
nori,338,each
bittersweet chocolate chips,364,ml
sliced tomatoes,455,L
seedless raspberry jam,194,L
limoncello,133,g
pork spareribs,85,g
leaving,616,each
calamari,986,L
dal,713,each
brewed espresso,257,ml
ground fennel,970,g
brown gravy,476,ml
doritos,401,each
cookie crumbs,420,L
turkey broth,927,g
grana padano,406,L
bacon grease,415,each
beef tenderloin steaks,36,ml
raspberry vinegar,194,L
bouillon powder,33,each
chopped celery,999,ml
amaretti,90,ml
thai chile,551,L
white tuna,390,ml
meringue,208,g
rib roast,631,ml
turkish,830,g
sirloin tip,870,each
unsalted cashews,667,g
hearts of palm,796,L
onion rings,108,ml
pinenuts,229,ml
lipton onion soup mix,95,ml
chillies,884,ml
bourbon whiskey,751,ml
yams,330,L
prepared pizza crust,477,L
sushi rice,743,ml
pot roast,9,each
wholemeal,60,L
frozen artichoke hearts,1,each
red chile peppers,174,L
game,780,g
heirloom tomatoes,945,ml
mozzarella balls,962,L
red currant jelly,737,each
chocolate milk,487,g
asafetida,540,each
dried shiitake mushrooms,186,L
unsalted pistachios,472,ml
lemon pepper seasoning,915,L
candied cherries,291,ml
pepperoni slices,144,L
ricotta salata,51,ml
pimenton,536,ml
white peppercorns,120,L
phyllo pastry,587,ml
browning,640,g
spice cake mix,193,L
ham hock,630,ml
cooked chickpeas,83,ml
dried yeast,641,ml
seedless raisins,650,L
soft margarine,476,g
kraft sharp cheddar cheese,54,each
cheeses,373,each
wasabi powder,499,ml
chicken leg quarters,516,L
colby jack cheese,30,g
wax,542,each
tangerine juice,555,each
orange slices,989,L
boneless lamb,933,ml
cooked quinoa,757,ml
spanish chorizo,8,ml
carnation,620,ml
sweet relish,822,each
grated coconut,251,g
low sodium beef broth,60,g
sandwiches,120,L
fresh rosemary,527,ml
food colouring,172,L
pepper powder,546,L
potato soup,372,L
cream of potato soup,742,ml
gingersnap cookies,732,each
dried figs,895,g
gala apples,981,L
sugar brown sugar,919,ml
cabernet,688,ml
pinot grigio,151,each
top sirloin steak,365,L
seasoned croutons,961,each
paneer,235,ml
mild curry powder,50,ml
rabbit,508,L
gherkins,657,each
beef gravy,743,g
yellow corn meal,216,L
fruit pectin,892,ml
unsweetened apple juice,470,each
frozen meatballs,437,g
chicken sausage,844,L
pitted cherries,699,L
veggies,250,each
coconut rum,734,L
dried black beans,943,g
apple juice concentrate,655,each
grill seasoning,116,g
citron,779,ml
cassis,862,ml
frying oil,508,g
roasted cashews,150,ml
dried beef,803,g
strawberry gelatin,658,ml
white kidney beans,372,L
thin spaghetti,724,L
vanilla frosting,853,each
habanero pepper,674,each
sweet vermouth,92,L
merlot,343,each
vegetable soup,312,g
baby corn,607,each
strawberry preserves,544,g
pineapple slices,49,each
medium eggs,88,ml
kiwi fruits,1000,each
karo syrup,237,g
puff pastry sheets,716,L
doubanjiang,400,g
pumpernickel bread,169,each
crumb crust,105,g
msg,55,each
broccoli rabe,449,each
rye,31,each
fruit juice,40,L
raw honey,338,L
wasabi paste,487,L
caesar salad dressing,35,g
honey sugar,893,L
distilled vinegar,102,g
cardamom seeds,868,L
italian tomatoes,203,each
apple pie filling,82,L
slab bacon,770,ml
liquor,648,g
madeira wine,191,each
flaxseed,767,each
bulb,698,g
potato flakes,705,g
burgers,998,each
pita chips,549,g
large egg whites,319,g
wheat cereal,279,ml
frozen banana,187,g
sliced shallots,994,each
urad dal,69,L
havarti cheese,857,g
white truffle oil,454,L
white truffle,984,ml
long-grain rice,910,ml
brown gravy mix,698,each
celtic sea salt,855,each
country ham,354,L
dried coconut,105,L
stilton,40,ml
turkey stock,395,each
cod fish,113,each
frankfurters,70,g
pickled jalapeno peppers,899,ml
french dressing,804,L
chile sauce,176,ml
apricot halves,664,L
ground pork sausage,186,g
grape leaves,57,ml
waffle,240,g
clover,71,each
vegan margarine,959,L
sandwich rolls,214,g
brine,303,ml
tomato salsa,692,g
clear honey,896,L
rice mix,439,each
chocolate sprinkles,621,each
soy flour,36,ml
plain chocolate,941,each
refrigerated buttermilk biscuits,237,L
duck breasts,8,g
sanding sugar,631,ml
dry pasta,318,each
sour cherries,340,ml
marjoram leaves,7,g
thyme sprig,271,g
peeled fresh ginger,929,each
arrowroot,134,L
chipotle chile powder,551,each
fat free milk,454,g
dried lavender,17,L
chicken gravy,29,g
goose,23,L
gouda,339,ml
hothouse cucumber,393,ml
peach preserves,967,ml
roasted turkey breast,608,g
deep dish pie crust,240,L
japanese rice,84,g
double crust pie,948,L
green curry paste,743,ml
morsels,893,L
lobster tails,316,each
spice mix,497,g
light molasses,214,L
liquid aminos,803,L
penne rigate,236,each
frozen chopped spinach,209,L
baby lima beans,252,ml
garlic pepper seasoning,10,ml
beansprouts,684,each
colors,354,ml
fig,274,L
coarse grain mustard,298,L
shoulder roast,747,each
smoked pork,199,L
strip steaks,648,L
chocolate sandwich cookies,87,g
pernod,154,each
linguini,837,each
fresh oregano,920,ml
burgundy wine,936,ml
smoked mozzarella,72,ml
combined,708,each
flounder fillets,980,g
chicken breast fillets,982,g
eye steaks,674,L
rib eye steaks,663,ml
dark raisins,374,ml
guajillo,275,g
cherry peppers,166,L
madras curry powder,658,g
white sandwich bread,915,g
ground sausage,220,each
louisiana hot sauce,873,L
flowerets,75,ml
sorghum,672,g
shimeji mushrooms,973,each
chinese chives,644,each
malt vinegar,915,ml
spring roll wrappers,50,L
frozen vegetables,440,g
ditalini,817,L
streaky bacon,815,each
pink grapefruit,211,g
buckwheat flour,129,L
brownies,356,g
liquid egg substitute,722,L
kabocha squash,804,ml
shucked oysters,49,L
cabernet sauvignon,66,ml
coffee beans,614,each
genoa salami,518,ml
kumquats,570,ml
mahi mahi,252,L
semi sweet chocolate,197,each
smoked turkey breast,504,each
frozen broccoli florets,380,g
chipotles in adobo,219,L
hass avocado,233,ml
boursin,306,L
soy yogurt,689,ml
frozen okra,321,each
cocoa butter,372,g
white rice flour,940,ml
pasta water,509,each
raw almonds,297,each
dried chili pepper,312,L
active yeast,911,ml
semisweet baking chocolate,838,g
boneless chicken skinless thigh,472,L
skirt steak,87,g
italian herbs,917,ml
ground coffee,154,L
canned tuna,361,ml
roux,424,each
shortbread cookies,285,ml
shiitake mushroom caps,939,each
toasted wheat germ,226,L
banana liqueur,895,L
dried red chile peppers,393,g
frozen mixed berries,786,ml
shiso,350,each
raisin bread,627,g
powdered gelatin,738,each
frozen mango,873,each
knudsen light sour cream,503,L
cracked wheat,283,ml
concentrated,787,L
pasilla,887,each
raspberry liqueur,272,L
cubed potatoes,900,g
arrow root,159,L
lemon flavor,613,L
chai,543,each
house seasoning,258,ml
blood orange juice,974,g
semisweet chocolate chunks,37,ml
cinnamon powder,609,ml
romaine lettuce hearts,100,each
lettuce hearts,296,each
large shrimp,287,L
sugar cookie dough,157,ml
cooked potatoes,66,g
melon liqueur,812,L
boiled ham,986,L
unsweetened almond milk,644,L
wheat berries,66,ml
striped bass,200,L
boston butt,496,L
shoyu,173,each
asparagus tips,56,L
tea leaves,26,g
seedless red grapes,662,each
dried blueberries,322,each
top round steak,559,ml
beef rump,286,L
yeast packet,315,L
nonstick spray,886,ml
chocolate bars,75,ml
frozen shelled edamame,601,g
wondra,603,g
green leaf lettuce,476,g
taco bell taco seasoning mix,701,L
fresh coriander,838,L
french rolls,855,ml
meatloaf,514,ml
whey protein,210,L
instant butterscotch pudding mix,620,each
chopped fresh mint,500,L
brazil,752,L
dulce de leche,363,L
orange blossom honey,557,g
dark meat,313,g
nut,529,L
philadelphia light cream cheese,267,g
ginger powder,948,ml
polish sausage,16,each
soybean,591,each
chocolate sauce,410,each
pork fat,948,each
sauvignon blanc,112,each
center cut bacon,155,each
chicken strips,362,L
quickcooking grits,648,g
sharp white cheddar cheese,201,each
natural peanut butter,943,g
beef shank,453,each
manchego cheese,591,L
ciabatta rolls,147,each
fiber one,971,ml
sweet and sour sauce,642,L
italian turkey sausage,294,g
fermented black beans,784,each
suet,244,L
slaw,243,L
popcorn kernels,86,g
ground oregano,287,L
flavored syrup,815,ml
serrano chilies,499,each
jack daniels,914,each
beef liver,845,ml
pink peppercorns,819,L
galliano,28,g
cheese ravioli,422,each
smoked cheddar cheese,485,L
lamb loin,579,g
biscuit dough,567,L
candy bar,607,each
mutton,537,g
petite peas,882,g
hershey chocolate,697,g
bean sauce,512,each
prosecco,403,ml
meyer lemon,434,ml
green peppercorns,832,ml
mexicorn,850,ml
love,222,g
pam cooking spray,862,each
chocolate wafer cookies,536,each
crab boil,912,each
cornish game hens,273,g
red apples,995,each
herb seasoned stuffing mix,696,each
herb seasoned stuffing,982,L
nonfat vanilla yogurt,15,ml
wing sauce,162,ml
sugar syrup,948,g
campari,480,each
rice paper,79,each
rub,489,each
frangelico,388,each
beefsteak tomatoes,341,ml
evaporated skim milk,620,ml
bartlett pears,145,each
liquid pectin,531,each
sea bass fillets,376,ml
fresh basil leaves,964,ml
bocconcini,974,ml
london broil,573,each
light syrup,737,each
beef steak,516,ml
golden mushroom soup,607,g
cubed ham,929,L
green enchilada sauce,733,each
green grape,598,g
irish cream liqueur,638,L
red enchilada sauce,133,ml
white distilled vinegar,881,g
beetroot,157,g
dairy,155,ml
raw cashews,270,ml
burdock,477,L
kimchi,364,g
turkey gravy,540,L
white bread flour,4,g
roasted chestnuts,59,g
reduced sodium chicken broth,465,ml
cocktail sauce,266,L
fresh parmesan cheese,227,ml
passata,712,g
hot chili pepper,596,ml
papayas,463,L
sweetened dried cranberries,704,each
cola,874,each
treacle,919,each
aioli,388,L
mission figs,408,L
fritos,316,L
pitas,70,L
manicotti,478,each
orange flower water,527,L
fresh ginger root,943,g
dried shrimp,833,L
pappardelle,171,each
wieners,446,each
chopped garlic,208,ml
shrimp paste,177,each
roasted pistachios,858,L
root beer,173,each
curds,883,L
butter oil,790,each
chile de arbol,562,g
baking apples,499,g
tomatillo,295,ml
strawberry flavor,326,each
flavored vodka,546,each
millet,539,L
grana,658,L
chocolate liqueur,571,g
mint extract,410,g
catfish,100,ml
sweet rice wine,985,each
dehydrated,133,g
confit,999,each
giardiniera,104,L
pitted ripe olives,356,g
cooked beef,685,L
solid pack pumpkin,37,ml
peach nectar,705,g
bulgur wheat,41,ml
apricot brandy,296,each
chocolate curls,640,g
habanero peppers,537,each
malted milk,328,L
steel cut oats,90,g
carrot sticks,572,each
brown lentils,275,g
vanilla vodka,173,each
wax beans,360,L
crepes,949,L
half & half,159,each
diced onions,105,ml
sponge cake,225,g
refrigerated crescent rolls,641,ml
finely chopped onion,877,g
candied fruit,595,ml
turkey meat,392,g
black cardamom pods,496,L
monkfish,583,each
sweet pickles,697,each
greek seasoning,35,ml
crisco shortening,292,g
green lentil,431,each
vanilla flavoring,663,each
chilli powder,1,ml
scallion greens,482,each
hot sausage,516,g
gyoza,652,each
sweet peas,396,each
mincemeat,619,L
fennel fronds,677,L
kale leaves,137,each
piquillo peppers,947,ml
mixed dried fruit,452,each
banana peppers,66,each
mandarin orange segments,752,g
dry rub,984,g
chicken fat,120,ml
montreal steak seasoning,577,g
brazil nuts,118,ml
olive oil flavored cooking spray,198,g
solid white tuna,365,each
chianti,838,each
vanilla lowfat yogurt,37,ml
kraft classic ranch dressing,957,each
candied orange peel,974,ml
burger buns,829,g
ketjap,586,L
angel food cake mix,634,ml
lavender flowers,975,ml
crimini mushrooms,231,g
absinthe,851,ml
chicory,53,ml
braggs liquid aminos,400,L
sausage meat,942,g
cavatappi,310,each
sweet cream,954,ml
fudge brownie mix,470,ml
sliced cucumber,484,ml
miso paste,369,L
peeled shrimp,222,g
snow pea pods,101,L
coarse sugar,577,each
jumbo pasta shells,684,L
dried tarragon leaves,299,each
seasoned rice wine vinegar,730,L
sole,848,ml
filet mignon,382,ml
hazelnut oil,894,ml
white grape juice,596,g
nondairy whipped topping,165,ml
cooked macaroni,954,each
clementines,586,g
ground pecans,622,L
gray salt,926,each
tempeh,11,L
sorghum flour,632,ml
teriyaki marinade,1,each
coconut sugar,734,ml
chopped parsley,701,each
white cabbage,519,L
easy,971,each
tart cherries,645,each
blanched almond flour,45,ml
mousse,298,g
pomegranate molasses,906,g
pea shoots,660,ml
marcona almonds,595,ml
raw cane sugar,678,each
horseradish sauce,866,g
lemon thyme,806,L
soft tofu,815,L
spice blend,163,L
puffed rice,117,ml
other herbs,162,ml
pumpkin pie filling,657,g
pear tomatoes,224,ml
lager beer,173,g
cooking liquid,556,L
slaw mix,981,ml
tartar sauce,863,ml
white hominy,906,each
pinot noir,160,ml
filtered water,422,g
unsalted margarine,709,L
single crust pie,699,each
cornichons,981,g
peasant bread,415,each
cornish hens,858,each
saltines,332,ml
all natural,302,g
bucatini,518,g
condensed cream of potato soup,691,ml
baby potatoes,60,ml
cold cut,550,each
fresh dill,555,g
marzipan,853,L
steamed rice,758,ml
unrefined,820,each
fenugreek leaves,920,L
shortcrust pastry,848,g
bing cherries,432,ml
bottled clam juice,104,ml
tentacles,891,g
avocado oil,505,ml
smoked ham hocks,86,L
tuna drained and flaked,569,each
dried tomato,280,g
alfalfa sprouts,443,L
extra sharp cheddar cheese,320,ml
flatbread,490,L
fiber,880,ml
spam,876,ml
smoke,278,g
grenadine syrup,858,ml
stilton cheese,751,L
cupcakes,542,each
lamb stock,342,L
salt added,719,g
for color,361,ml
achiote,689,ml
albacore,455,ml
glutinous rice,678,ml
bagels,403,each
tahini paste,448,g
fast rising yeast,363,each
lean ground pork,126,L
sweet soy,507,each
monosodium glutamate,431,ml
monosodium,975,g
rice vermicelli,578,L
ginger beer,823,each
cheese dip,919,g
dandelion,834,ml
canned coconut milk,196,each
orange bitters,962,ml
low sodium chicken stock,144,each
roasted red bell pepper,515,each
red beets,701,g
chicken flavor stuffing mix,120,g
glace cherries,100,g
granulated onion,762,L
sumac,815,L
seltzer water,131,each
togarashi,292,L
ground paprika,94,L
blueberry pie filling,336,ml
red delicious apples,289,each
boysenberries,70,L
pastrami,735,L
meat tenderizer,407,L
sweetened coconut flakes,72,each
oxtails,569,each
tea powder,984,g
fajita seasoning mix,291,ml
habanero chile,468,ml
chicken breast tenders,342,each
jerk seasoning,214,L
preserved lemon,161,g
southern comfort,994,each
milkfat,902,each
refrigerated pizza dough,516,each
asafetida powder,769,g
butter flavor shortening,367,L
dried rice,807,ml
camembert,557,ml
almond liqueur,328,L
seasoned flour,226,g
brown mustard seeds,495,L
tap water,458,L
frozen peas and carrots,757,each
garlic and herb seasoning,572,g
waxy potatoes,39,L
tuna fish,600,g
asafoetida,891,L
ganache,898,L
black mushrooms,949,L
truffles,382,each
chai tea,141,L
minced meat,488,L
citric acid,177,g
citric,425,L
splenda brown sugar blend,954,g
minced beef,837,g
new york strip steaks,323,ml
sweet rice flour,979,g
cooked pumpkin,447,ml
unbaked pie shells,774,L
ragu,575,g
limeade concentrate,791,ml
frozen limeade concentrate,598,g
frozen limeade,249,L
cream butter,513,ml
broccoli stems,46,ml
pace picante sauce,286,ml
unsalted chicken stock,421,L
chocolate instant pudding,573,L
frozen bread dough,477,each
turnip greens,273,L
straw mushrooms,921,each
refried black beans,426,L
cornbread stuffing mix,600,g
tagliatelle,80,g
aubergine,465,ml
rock salt,207,ml
potato flour,213,ml
black mission figs,337,L
reposado,393,g
hot mustard,924,each
banana leaves,175,g
trans fat,284,g
minced clams,853,ml
chocolate cookie,649,each
other nuts,402,g
plum sauce,865,each
naan,717,each
garlic chives,684,ml
bottom round,91,L
red miso,532,ml
sweet sherry,399,each
cream style corn,72,each
mexican beer,863,each
olive oil cooking spray,311,g
flavors,871,ml
dumplings,735,L
lardons,158,L
clover honey,78,L
roasted sesame seeds,533,each
spanish smoked paprika,595,L
sliced chicken,227,each
veal cutlets,877,L
chicken tenderloins,191,L
prime rib,657,g
heinz tomato ketchup,554,ml
barilla,876,g
nonfat powdered milk,104,L
hemp seeds,511,g
frozen peaches,171,each
veal shanks,54,L
grouper,460,g
dried garlic,785,each
good seasons italian dressing mix,540,g
espresso beans,326,g
hickory smoke,387,L
alcohol,409,g
spaghettini,542,L
pink salmon,816,g
asadero,5,L
lean bacon,139,g
harissa paste,767,g
vanilla wafer crumbs,636,g
crusty rolls,591,g
red grapefruit,230,ml
asian chili sauce,986,g
tabasco pepper sauce,177,each
white cheese,360,L
albacore tuna,767,L
sliced leeks,11,each
baked ham,818,L
bacardi,323,each
day old bread,846,L
accent seasoning,420,ml
granulated white sugar,811,L
chinese noodles,729,L
focaccia,804,ml
peeled deveined shrimp,942,ml
sweet soy sauce,512,g
ground chicken breast,975,ml
risotto,305,ml
vanilla bean paste,75,L
mizuna,925,L
sticky rice,731,ml
sliced olives,334,g
file powder,559,each
cane syrup,861,ml
multigrain bread,309,each
chicken breast strips,679,g
nutritional yeast flakes,402,L
worchestershire sauce,804,L
dried egg,438,g
ranch seasoning,556,g
white cornmeal,214,ml
boneless beef sirloin steak,247,ml
mexican chorizo,770,ml
mild salsa,148,ml
green tea powder,766,each
egg roll wrappers,298,L
vanilla frozen yogurt,5,g
dried beans,904,ml
cubed beef,159,ml
pork cutlets,670,g
ginger juice,432,ml
sweet white wine,543,g
lamb stew meat,451,g
sofrito,231,g
bird chile,971,g
rye whiskey,756,each
cream sherry,10,each
nigella seeds,686,L
cherry preserves,514,each
broiler,738,g
medium heat,286,ml
usukuchi soy sauce,915,ml
mediterranean,337,g
queso blanco,866,g
asafoetida powder,868,ml
emerils original essence,189,L
tawny port,828,L
coffee ice cream,171,L
egg product,532,each
peperoncino,253,each
medium egg noodles,520,ml
hot cocoa mix,776,L
cones,502,each
bread mix,815,g
sazon goya,874,each
oreos,493,each
blueberry jam,841,ml
bulgar wheat,284,L
minute white rice,171,g
dried chiles,902,L
dried navy beans,215,L
shredded carrots,890,ml
unsweetened coconut flakes,788,g
roasted almonds,60,each
shredded sharp cheddar cheese,980,each
fondant,621,g
scallop,186,L
dried chickpeas,203,L
peach jam,907,L
kitchen bouquet,806,ml
pickling spices,186,ml
ramen,18,g
cabbage leaves,674,L
dill seed,122,ml
spring water,284,each
string beans,664,ml
cranberry juice cocktail,797,ml
calories,756,each
dried dates,272,g
dried tart cherries,937,g
chick peas,196,L
bread crumb fresh,739,each
five-spice powder,666,ml
chinese five-spice powder,372,ml
fresh chives,537,ml
caramel syrup,219,each
pastry shell,828,L
white creme de cacao,804,g
flax meal,69,L
european cucumber,772,ml
salted cashews,684,L
instant chicken bouillon granules,686,g
greek feta,370,L
chicken stock cubes,737,ml
white granulated sugar,800,each
unsweetened dried coconut,307,ml
cocoa solids,93,g
regular soy sauce,438,g
baby beets,878,L
tapenade,390,ml
shrimp stock,461,each
lemon verbena,92,L
cut up chicken,569,L
english toffee bits,792,L
curly kale,541,ml
malted milk powder,326,each
swordfish steaks,806,ml
croissants,99,ml
sun-dried tomatoes,423,L
hard salami,235,each
fatback,790,g
semi sweet chocolate chips,600,ml
banana extract,962,ml
unsulfured molasses,930,ml
food color,66,g
amchur,184,each
chaat masala,992,L
egg bread,400,L
low sodium vegetable broth,993,g
red radishes,197,g
rump steak,473,ml
peach halves,72,each
duck breast halves,399,g
skim milk powder,101,each
tarragon sprigs,292,g
rack of lamb,455,ml
table cream,192,L
italian pork sausage,407,g
tamarind pulp,699,g
not available,669,ml
ruby red grapefruit,318,ml
compressed yeast,917,each
shredded cheese,618,L
roe,545,each
pan drippings,340,each
guar gum,816,ml
cooked corned beef,761,each
tamarind juice,473,each
bleached,925,L
pizza seasoning,204,ml
wheat crackers,172,L
black rice,258,g
garlic puree,170,g
vegan chocolate chips,7,g
borlotti,354,each
fully cooked ham,713,g
shredded lettuce,343,g
celery flakes,283,ml
baby artichokes,905,g
ranch dip,43,L
fuji apple,837,each
haddock fillets,433,L
bread rolls,86,ml
aged balsamic vinegar,700,ml
stew,551,g
pearl tapioca,191,each
oils,521,L
tangerine zest,450,each
sliced green olives,265,L
zinfandel,459,ml
dried mushrooms,698,each
bread and butter pickles,409,ml
anjou pears,956,L
mineral water,228,g
cockles,510,each
yellow rice,328,each
duck fat,253,ml
japanese breadcrumbs,291,each
ham steak,657,each
cereal flakes,991,g
rapeseed oil,881,each
nuoc mam,864,L
dried rice noodles,463,L
crumbled cornbread,19,L
fresh tomatoes,909,ml
chicken skin,481,ml
moong dal,834,g
summer savory,21,each
minced pork,650,each
hen,255,ml
pie pastry,265,ml
unbaked pie crusts,630,ml
light beer,654,g
chipotle chile pepper,381,L
pineapple rings,23,ml
nonfat plain greek yogurt,281,L
french fries,42,L
tostada shells,956,L
carbonated water,397,L
turkey kielbasa,939,each
peach pie filling,767,each
pork sausages,989,L
alfalfa,938,L
spring greens,416,ml
cake yeast,741,L
celery heart,118,g
chipotle salsa,637,each
whisky,748,each
sambuca,915,g
pear nectar,109,ml
spearmint,153,g
earl grey tea,717,each
capellini,856,L
rice syrup,691,each
wild salmon,184,each
part-skim mozzarella,497,ml
mature cheddar,122,L
light margarine,367,g
sweet corn kernels,55,g
butterfinger,878,L
fish bones,601,L
clove ground,964,g
frozen cherries,262,each
wonton skins,904,each
golden beets,338,L
broad beans,334,L
crab sticks,311,ml
portobello caps,230,ml
smoked turkey sausage,253,each
small red potato,557,g
breadstick,463,each
toasted slivered almonds,169,each
vegan butter,787,g
tart shells,839,each
fettucine,75,L
armagnac,502,ml
carcass,77,g
graham cracker crusts,278,each
muscat,477,L
spanish olives,375,L
coke,166,each
rock shrimp,212,each
roasted red bell peppers,996,ml
tomatillo salsa,170,L
boneless beef round steak,857,g
honey mustard dressing,163,ml
dashi powder,79,ml
marrow,659,L
chicken liver,505,ml
portabello mushroom,438,ml
dried pineapple,737,each
boneless chuck roast,815,ml
dehydrated onion,740,each
chopped fresh thyme,235,g
cubed bread,732,each
gingersnap crumbs,775,L
long grain brown rice,639,each
amaranth,179,each
jiffy corn muffin mix,552,L
sicilian,439,g
dried apple,369,L
blue crabs,738,L
chablis,611,L
campanelle,180,ml
peach puree,222,each
dried fettuccine,951,ml
vanilla bean ice cream,750,L
garlic chili sauce,460,L
mcintosh apples,964,each
lamb neck,637,ml
kraft sun dried tomato vinaigrette,802,g
herb dressing,450,each
short rib,338,L
red raspberries,56,each
tuna packed in water,797,g
cayenne pepper sauce,21,g
organic chicken,659,g
short pasta,579,g
pitted olives,417,g
hot pork sausage,834,L
ras el hanout,506,L
smoked trout,385,L
mung beans,387,each
lavash,307,each
aniseed,114,ml
unsulphured molasses,374,ml
red salmon,880,ml
margarita mix,279,each
glutinous rice flour,212,ml
lamb loin chops,655,each
string cheese,492,g
mild sausage,853,ml
beef fat,718,L
guar,120,ml
bologna,802,each
sweetcorn,358,L
dried lavender blossoms,989,each
white tequila,258,ml
ground blanched almonds,687,L
grated parmesan romano,523,L
unbleached cane sugar,558,ml
cocktail peanuts,895,each
soybean paste,440,ml
yellow miso,806,g
manzanilla,457,each
round loaf,569,L
nut butter,209,each
ajwain,488,L
dried celery,71,L
black vinegar,698,each
chopped walnuts,739,g
green tea bags,201,L
ciabatta loaf,428,each
mexican chocolate,243,g
konbu,701,L
flour mix,804,ml
rich,872,g
chocolate powder,706,L
sundae syrup,555,g
rock sugar,664,L
peanut sauce,590,g
toast points,306,L
fat free greek yogurt,687,each
fuji apples,332,each
power,318,ml
passion fruit juice,176,L
ahi,677,each
dried orange peel,975,ml
runny honey,809,each
seafood stock,764,ml
prawn,185,ml
boneless sirloin,408,ml
silver tequila,273,L
chicken pieces,130,L
bean dip,265,g
baked corn tortilla chips,825,L
shelled pumpkin seeds,986,each
dessert wine,449,g
cheddar cheese blend,879,ml
quail eggs,72,each
pineapple preserves,899,each
laughing cow,131,L
anaheim chile,769,g
garlic granules,391,ml
radicchio leaves,563,L
vanilla cake mix,276,L
japanese soy sauce,544,ml
hot italian sausages,822,L
sliced pineapple,676,g
unsalted almonds,961,ml
arbol chile,537,g
condensed french onion soup,430,L
aleppo pepper,193,g
ground chipotle chile pepper,810,g
veal shoulder,421,g
whole wheat flour,120,g
lasagna sheets,208,each
cherry gelatin,790,ml
gelatine,144,g
applewood smoked bacon,98,ml
blackberry jam,976,L
malt,991,each
beef base,985,L
red grape,842,ml
cactus,529,ml
dipping chocolate,134,L
ranch style beans,392,g
black forest ham,992,ml
sliced turkey,869,each
guava,291,each
sunflower kernels,500,ml
aged cheddar,927,each
tostitos,713,each
instant potato flakes,803,ml
lamb rib chops,92,ml
blanched hazelnuts,978,L
candied pineapple,838,L
epazote,25,ml
butter cooking spray,643,ml
ground flaxseed,791,each
kirby cucumbers,293,ml
barley malt,957,L
cheese cubes,301,ml
mint chocolate chip ice cream,217,L
dried sweetened cranberries,696,ml
sweet basil leaves,734,ml
annatto,768,each
middle eastern,615,ml
veal chops,520,ml
candied peel,572,g
tuna packed in olive oil,393,L
gyoza skins,505,L
plum jam,306,each
ground hazelnuts,728,ml
dried apples,501,each
earl grey tea bags,524,L
mustard oil,584,g
bran flakes,622,g
white asparagus,305,ml
dandelion greens,884,each
sugar pumpkin,401,ml
distilled water,371,each
mortadella,936,g
sweet cream butter,283,ml
canola mayonnaise,665,each
yellow summer squash,765,g
soft cheese,824,L
extra light olive oil,430,g
ouzo,5,g
kefir,224,each
rice bran,367,ml
sliced salami,86,L
cipollini,191,each
black bean sauce,369,L
rice pilaf,270,each
strawberry yogurt,672,ml
spicy sausage,457,ml
salted pistachios,970,L
mochiko,434,g
pork baby back ribs,20,g
hot fudge topping,75,each
dijon,530,ml
white vermouth,95,g
1% low-fat milk,492,each
low-fat milk,284,g
corn cereal,780,g
yellowtail,846,L
celery hearts,659,each
whitefish,763,ml
hot chili oil,512,ml
parma ham,691,g
canned salmon,629,L
hungarian sweet paprika,623,each
lady apples,483,ml
natural yogurt,768,ml
muscovado sugar,420,ml
gluten flour,691,ml
virgin coconut oil,417,L
beef rib roast,76,g
organic sugar,666,L
root vegetables,697,ml
raspberry puree,961,L
chopped pecans,345,g
bean flour,656,each
buttercream frosting,527,each
nama shoyu,894,g
guanciale,379,ml
raw pumpkin seeds,10,each
buffalo mozzarella,315,ml
cachaca,864,g
jarlsberg,803,ml
carob,417,g
fresh mozzarella,821,ml
yuzu juice,512,each
rice krispies cereal,990,L
fresh tarragon,978,g
brown basmati rice,791,ml
gooseberries,171,ml
puy lentils,111,L
guajillo chiles,705,L
dry fettuccine,152,ml
citrus juice,310,ml
scotch bonnet chile,973,each
bolillo,280,L
peeled plum tomatoes,879,ml
shoepeg corn,2,g
thai chili paste,166,each
beef stock cubes,713,ml
swanson chicken broth,381,L
liverwurst,706,g
butter salt,677,g
reduced fat cream cheese,772,each
iron,830,L
light tuna,776,each
sesame seed oil,883,L
peach yogurt,24,each
bow-tie pasta,363,ml
asian pear,39,ml
frozen potatoes,807,L
steamer,859,ml
fresh sage,963,g
chopped fresh sage,91,L
firm silken tofu,77,each
lacinato kale,977,ml
flat anchovy,523,ml
gumbo,377,each
unsweetened soymilk,325,L
shaved chocolate,37,ml
curry leaf,613,g
pork steaks,481,L
meringue powder,511,g
bresaola,596,each
pig,555,each
black sesame seed,666,g
pureed pumpkin,770,each
cranberry beans,350,each
pie crust mix,724,each
methi,564,g
tonic water,86,each
chinese sausage,893,ml
italian vinaigrette,183,ml
san marzano tomatoes,192,L
barbecue rub,173,ml
buckwheat groats,272,L
french mustard,948,ml
swede,128,each
carnaroli rice,628,ml
rotelle,855,L
calamata olives,13,L
sliced beets,724,L
chocolate graham crackers,658,L
quinoa flour,461,each
jaggery,51,ml
lite coconut milk,70,L
cacao powder,734,g
pork stew meat,648,ml
sazon seasoning,423,each
arrowroot powder,69,g
sugar pea,567,each
mozzarella string cheese,305,ml
accent,134,L
lumpia wrappers,870,L
beet sugar,220,each
meyer lemon juice,282,g
vanilla soy milk,283,g
char,356,g
green garlic,599,each
semisweet vegan chocolate chips,805,each
paprika powder,712,each
risotto rice,810,L
tostadas,562,g
cherry brandy,9,each
vegetarian chicken,358,L
chocolate flavored syrup,485,L
maggi,951,each
kamaboko,494,L
minced chicken,948,ml
bagel,348,L
hazelnut liqueur,500,L
char siu,539,L
frozen sweet corn,177,each
shredded cabbage,101,ml
carob powder,132,g
black truffle oil,656,g
szechwan peppercorns,395,ml
anisette,612,L
squirt,80,ml
lychee,442,ml
lady fingers,744,L
eye of round roast,145,g
grated cotija,320,g
mahi mahi fillets,878,each
muesli,93,each
soy protein,644,ml
miniature chocolate chips,704,ml
himalayan salt,240,g
burrata,67,each
raspberry sauce,544,each
pasilla chiles,185,each
garlic bulb,205,each
graham flour,736,each
instant oats,119,each
shrimp shells,757,ml
dried pinto beans,660,each
farro,324,ml
vine ripened tomatoes,580,ml
fresh orange juice,233,each
fresh orange,127,L
pearled barley,44,L
curly endive,55,each
smoked spanish paprika,55,each
hot smoked paprika,336,g
aquavit,762,L
biscuit baking mix,549,ml
king prawns,365,L
condensed golden mushroom soup,178,L
condensed cheddar cheese soup,877,g
dried fig,73,L
sugar cubes,464,each
pimento stuffed olives,230,ml
sea salt flakes,19,each
mochi,43,ml
vietnamese fish sauce,562,L
coconut water,265,L
pineapples,602,each
white bread slices,645,ml
duck sauce,756,g
nacho chips,222,each
turkish bay leaves,588,ml
seasoned chicken,855,each
white rice vinegar,28,each
yuzu,221,g
somen,448,ml
cassava,323,ml
s,97,g
long beans,401,each
pork shoulder roast,274,g
orange roughy,919,g
kitchens,205,L
mushroom broth,505,g
franks hot sauce,208,each
coleslaw dressing,822,each
gram flour,214,L
rice stick noodles,887,g
pickling liquid,236,ml
broccolini,943,g
sour mix,504,L
fish steaks,462,each
chocolate drink,575,ml
pork shoulder butt,59,ml
red bean paste,703,g
chocolates,687,ml
chilegarlic sauce,315,L
chopped green bell pepper,838,L
taleggio,236,g
vegan mayonnaise,235,g
crisco pure vegetable oil,237,g
slider buns,989,g
dried corn,757,g
turkey legs,876,each
sugar in the raw,763,g
tasso,321,L
whiting,533,L
part-skim mozzarella cheese,607,g
fresh mushrooms,47,ml
sangiovese,351,L
luncheon meat,620,each
persimmon,273,L
vanilla pod,784,each
israeli couscous,704,ml
rice bran oil,865,each
amber,301,each
anise extract,968,L
gluten free flour,183,g
kohlrabi,524,g
won ton wrappers,991,g
breakfast sausage links,159,L
whipped dessert topping,322,each
banana pudding,222,L
greek style plain yogurt,991,ml
cinnamon rolls,11,g
vanilla bean seeds,290,L
tortilla shells,839,L
st,582,each
ground wheat,507,each
m,545,ml
hard cider,382,L
dried split peas,363,ml
tamarind concentrate,630,L
lasagne,776,L
maple sugar,250,ml
golden caster sugar,2,g
veal loin,976,each
mango puree,827,L
marmite,588,L
filberts,597,ml
black bass,854,g
chestnut mushrooms,249,each
apple brandy,290,ml
puffed wheat,598,ml
dried minced garlic,725,each
dried pears,383,L
ditalini pasta,219,L
stone ground mustard,438,g
filo,919,L
frozen blackberries,846,ml
sunflower seed,296,each
thai green curry paste,964,each
smoke flavoring,87,g
long green,618,each
heinz chili sauce,964,g
fat free yogurt,105,each
roasted peppers,932,L
cardamom seed,643,each
brown cardamom,324,L
hot chili powder,292,ml
laurel,286,g
chopped fresh chives,556,each
iodized salt,502,each
frozen tater tots,213,L
almond filling,933,each
ground nuts,310,each
beef shoulder,516,L
claws,78,g
mango powder,140,each
dried kidney beans,75,each
turkey carcass,325,g
sauce tomato,55,ml
garbanzo bean flour,949,each
porterhouse steaks,953,g
wondra flour,491,ml
hot chili paste,507,g
rose petals,411,g
chayotes,448,g
spicy pork sausage,311,L
porridge oats,998,g
brioche bread,336,each
condiments,933,L
raspberry juice,834,each
salt water,571,g
lillet,477,each
jimmy dean sausage,263,each
beet greens,184,g
shellfish,994,each
shiraz,884,each
yogurt cheese,275,ml
chili paste with garlic,403,ml
macaroni and cheese dinner,55,g
corn grits,562,each
strong white bread flour,978,ml
sugar cookie mix,408,g
green tea leaves,451,each
salad leaves,487,ml
pappardelle pasta,376,ml
process cheese spread,234,L
tortilla wraps,306,L
regular sugar,100,L
canela,476,ml
chrysanthemum,420,ml
lemon balm,457,each
baking spray,887,g
sub rolls,927,L
unsweetened vanilla almond milk,191,each
pork stock,194,ml
chocolate cookie crumbs,993,L
cutlet,20,g
tempura batter,751,L
potato gnocchi,374,g
fresh thyme leaves,395,each
thick-cut bacon,589,g
pink beans,511,g
garlic bread,733,L
nondairy creamer,978,L
italian rolls,221,each
pear juice,763,each
crostini,12,ml
custard powder,984,L
heath candy bars,639,ml
pita bread rounds,406,each
toasted baguette,99,L
budweiser,327,each
roasted hazelnuts,22,L
organic vegetable broth,459,ml
vegetable stock powder,937,each
dessicated coconut,739,L
fructose,327,g
organic apple,632,L
ginger syrup,101,L
condensed chicken broth,301,ml
cooked meatballs,500,g
beef sausage,12,L
mulberries,549,L
fine egg noodles,692,ml
linguica,295,ml
poblano chilies,855,L
crystal hot sauce,517,ml
watercress leaves,972,g
emerils essence,541,L
corn flakes cereal,278,ml
maida,386,each
ghee,847,ml
chana,819,each
singhara ,920,each
jawari ,335,each
methi,701,each
kesar,529,L
kala til,675,each
khoya,173,each
rawa,553,g
jeera,447,g
kootoo ka aata,127,each
dalchini ,808,each
urad ,551,g
dhania,408,each
elaichi ,858,each
masala,634,each
